,Sightline,Red Chi-Squared,lambda0,f,gamma,b,,N,v_rad,v_resolution,n_step,fit_report
0,HD 23180,8.52E-06,4232.548,0.00545,100000000,2.726114802,2.65495732,7.4055E+12,-0.180989326,3.75,25,"[[Model]]
    Model(voigt_absorption_line)
[[Fit Statistics]]
    # fitting method   = leastsq
    # function evals   = 25
    # data points      = 35
    # variables        = 3
    chi-square         = 2.7253e-04
    reduced chi-square = 8.5167e-06
    Akaike info crit   = -405.708420
    Bayesian info crit = -401.042376
    R-squared          = 0.97873693
[[Variables]]
    lambda0:       4232.548 (fixed)
    f:             0.00545 (fixed)
    gamma:         1e+08 (fixed)
    b:             2.72611480 +/- 0.15283652 (5.61%) (init = 3.36)
    N:             7.4055e+12 +/- 2.1372e+11 (2.89%) (init = 7e+12)
    v_rad:        -0.18098933 +/- 0.08419909 (46.52%) (init = 0.6)
    v_resolution:  3.75 (fixed)
    n_step:        25 (fixed)
[[Correlations]] (unreported correlations are < 0.100)
    C(b, N) = +0.5278"
1,HD 23180,3.20E-06,4232.548,0.00545,100000000,2.767176736,,6.85472E+12,0.319158727,3.75,25,"[[Model]]
    Model(voigt_absorption_line)
[[Fit Statistics]]
    # fitting method   = leastsq
    # function evals   = 25
    # data points      = 35
    # variables        = 3
    chi-square         = 1.0248e-04
    reduced chi-square = 3.2024e-06
    Akaike info crit   = -439.942850
    Bayesian info crit = -435.276806
    R-squared          = 0.99038913
[[Variables]]
    lambda0:       4232.548 (fixed)
    f:             0.00545 (fixed)
    gamma:         1e+08 (fixed)
    b:             2.76717674 +/- 0.10173299 (3.68%) (init = 3.36)
    N:             6.8547e+12 +/- 1.3131e+11 (1.92%) (init = 7e+12)
    v_rad:         0.31915873 +/- 0.05633372 (17.65%) (init = 0.6)
    v_resolution:  3.75 (fixed)
    n_step:        25 (fixed)
[[Correlations]] (unreported correlations are < 0.100)
    C(b, N) = +0.5327"
2,HD 23180,4.27E-06,4232.548,0.00545,100000000,2.985897008,,7.12815E+12,0.705411774,3.75,25,"[[Model]]
    Model(voigt_absorption_line)
[[Fit Statistics]]
    # fitting method   = leastsq
    # function evals   = 21
    # data points      = 35
    # variables        = 3
    chi-square         = 1.3658e-04
    reduced chi-square = 4.2683e-06
    Akaike info crit   = -429.887044
    Bayesian info crit = -425.221000
    R-squared          = 0.98737040
[[Variables]]
    lambda0:       4232.548 (fixed)
    f:             0.00545 (fixed)
    gamma:         1e+08 (fixed)
    b:             2.98589701 +/- 0.11767936 (3.94%) (init = 3.36)
    N:             7.1281e+12 +/- 1.5530e+11 (2.18%) (init = 7e+12)
    v_rad:         0.70541177 +/- 0.06706453 (9.51%) (init = 0.6)
    v_resolution:  3.75 (fixed)
    n_step:        25 (fixed)
[[Correlations]] (unreported correlations are < 0.100)
    C(b, N) = +0.5364"
3,HD 23180,9.27E-06,4232.548,0.00545,100000000,2.812478163,,6.8728E+12,-0.473200775,3.75,25,"[[Model]]
    Model(voigt_absorption_line)
[[Fit Statistics]]
    # fitting method   = leastsq
    # function evals   = 29
    # data points      = 33
    # variables        = 3
    chi-square         = 2.7803e-04
    reduced chi-square = 9.2678e-06
    Akaike info crit   = -379.581101
    Bayesian info crit = -375.091578
    R-squared          = 0.97393834
[[Variables]]
    lambda0:       4232.548 (fixed)
    f:             0.00545 (fixed)
    gamma:         1e+08 (fixed)
    b:             2.81247816 +/- 0.17400212 (6.19%) (init = 3.36)
    N:             6.8728e+12 +/- 2.2447e+11 (3.27%) (init = 7e+12)
    v_rad:        -0.47320078 +/- 0.09696353 (20.49%) (init = 0.6)
    v_resolution:  3.75 (fixed)
    n_step:        25 (fixed)
[[Correlations]] (unreported correlations are < 0.100)
    C(b, N) = +0.5338"
4,HD 23180,1.49E-05,4232.548,0.00545,100000000,2.395620264,,6.67079E+12,0.697750138,3.75,25,"[[Model]]
    Model(voigt_absorption_line)
[[Fit Statistics]]
    # fitting method   = leastsq
    # function evals   = 21
    # data points      = 35
    # variables        = 3
    chi-square         = 4.7736e-04
    reduced chi-square = 1.4917e-05
    Akaike info crit   = -386.090658
    Bayesian info crit = -381.424614
    R-squared          = 0.95816903
[[Variables]]
    lambda0:       4232.548 (fixed)
    f:             0.00545 (fixed)
    gamma:         1e+08 (fixed)
    b:             2.39562026 +/- 0.21308928 (8.89%) (init = 3.36)
    N:             6.6708e+12 +/- 2.7180e+11 (4.07%) (init = 7e+12)
    v_rad:         0.69775014 +/- 0.11092219 (15.90%) (init = 0.6)
    v_resolution:  3.75 (fixed)
    n_step:        25 (fixed)
[[Correlations]] (unreported correlations are < 0.100)
    C(b, N) = +0.5214"
5,HD 23180,7.65E-06,4232.548,0.00545,100000000,2.242456949,,7.2287E+12,0.107969322,3.75,25,"[[Model]]
    Model(voigt_absorption_line)
[[Fit Statistics]]
    # fitting method   = leastsq
    # function evals   = 25
    # data points      = 35
    # variables        = 3
    chi-square         = 2.4491e-04
    reduced chi-square = 7.6533e-06
    Akaike info crit   = -409.449425
    Bayesian info crit = -404.783381
    R-squared          = 0.98166876
[[Variables]]
    lambda0:       4232.548 (fixed)
    f:             0.00545 (fixed)
    gamma:         1e+08 (fixed)
    b:             2.24245695 +/- 0.13883002 (6.19%) (init = 3.36)
    N:             7.2287e+12 +/- 1.9176e+11 (2.65%) (init = 7e+12)
    v_rad:         0.10796932 +/- 0.07008522 (64.91%) (init = 0.6)
    v_resolution:  3.75 (fixed)
    n_step:        25 (fixed)
[[Correlations]] (unreported correlations are < 0.100)
    C(b, N) = +0.5084"
6,HD 24398,9.16E-06,4232.548,0.00545,100000000,2.251741615,1.99345115,3.10281E+12,0.276570236,3.75,25,"[[Model]]
    Model(voigt_absorption_line)
[[Fit Statistics]]
    # fitting method   = leastsq
    # function evals   = 37
    # data points      = 35
    # variables        = 3
    chi-square         = 2.9304e-04
    reduced chi-square = 9.1576e-06
    Akaike info crit   = -403.168984
    Bayesian info crit = -398.502940
    R-squared          = 0.89663601
[[Variables]]
    lambda0:       4232.548 (fixed)
    f:             0.00545 (fixed)
    gamma:         1e+08 (fixed)
    b:             2.25174161 +/- 0.34708375 (15.41%) (init = 3.36)
    N:             3.1028e+12 +/- 2.0623e+11 (6.65%) (init = 7e+12)
    v_rad:         0.27657024 +/- 0.17438010 (63.05%) (init = 0.6)
    v_resolution:  3.75 (fixed)
    n_step:        25 (fixed)
[[Correlations]] (unreported correlations are < 0.100)
    C(b, N) = +0.5488"
7,HD 24398,2.26E-06,4232.548,0.00545,100000000,1.967195274,,3.21021E+12,-0.426511627,3.75,25,"[[Model]]
    Model(voigt_absorption_line)
[[Fit Statistics]]
    # fitting method   = leastsq
    # function evals   = 25
    # data points      = 33
    # variables        = 3
    chi-square         = 6.7705e-05
    reduced chi-square = 2.2568e-06
    Akaike info crit   = -426.196447
    Bayesian info crit = -421.706925
    R-squared          = 0.97769809
[[Variables]]
    lambda0:       4232.548 (fixed)
    f:             0.00545 (fixed)
    gamma:         1e+08 (fixed)
    b:             1.96719527 +/- 0.16321550 (8.30%) (init = 3.36)
    N:             3.2102e+12 +/- 9.9043e+10 (3.09%) (init = 7e+12)
    v_rad:        -0.42651163 +/- 0.07636767 (17.91%) (init = 0.6)
    v_resolution:  3.75 (fixed)
    n_step:        25 (fixed)
[[Correlations]] (unreported correlations are < 0.100)
    C(b, N) = +0.5386"
8,HD 24398,1.65E-06,4232.548,0.00545,100000000,2.185102689,,3.00923E+12,0.305727771,3.75,25,"[[Model]]
    Model(voigt_absorption_line)
[[Fit Statistics]]
    # fitting method   = leastsq
    # function evals   = 29
    # data points      = 35
    # variables        = 3
    chi-square         = 5.2781e-05
    reduced chi-square = 1.6494e-06
    Akaike info crit   = -463.164461
    Bayesian info crit = -458.498416
    R-squared          = 0.97927888
[[Variables]]
    lambda0:       4232.548 (fixed)
    f:             0.00545 (fixed)
    gamma:         1e+08 (fixed)
    b:             2.18510269 +/- 0.15081857 (6.90%) (init = 3.36)
    N:             3.0092e+12 +/- 8.6815e+10 (2.88%) (init = 7e+12)
    v_rad:         0.30572777 +/- 0.07462175 (24.41%) (init = 0.6)
    v_resolution:  3.75 (fixed)
    n_step:        25 (fixed)
[[Correlations]] (unreported correlations are < 0.100)
    C(b, N) = +0.5480"
9,HD 24398,1.01E-05,4232.548,0.00545,100000000,1.569765021,,3.13874E+12,-0.461651872,3.75,25,"[[Model]]
    Model(voigt_absorption_line)
[[Fit Statistics]]
    # fitting method   = leastsq
    # function evals   = 29
    # data points      = 35
    # variables        = 3
    chi-square         = 3.2353e-04
    reduced chi-square = 1.0110e-05
    Akaike info crit   = -399.704783
    Bayesian info crit = -395.038739
    R-squared          = 0.90864249
[[Variables]]
    lambda0:       4232.548 (fixed)
    f:             0.00545 (fixed)
    gamma:         1e+08 (fixed)
    b:             1.56976502 +/- 0.35862922 (22.85%) (init = 3.36)
    N:             3.1387e+12 +/- 1.9938e+11 (6.35%) (init = 7e+12)
    v_rad:        -0.46165187 +/- 0.14602933 (31.63%) (init = 0.6)
    v_resolution:  3.75 (fixed)
    n_step:        25 (fixed)
[[Correlations]] (unreported correlations are < 0.100)
    C(b, N) = +0.5166"
10,HD 144470,3.19E-06,4232.548,0.00545,100000000,2.762031263,2.617297703,6.61351E+12,-1.436870491,3.75,25,"[[Model]]
    Model(voigt_absorption_line)
[[Fit Statistics]]
    # fitting method   = leastsq
    # function evals   = 29
    # data points      = 35
    # variables        = 3
    chi-square         = 1.0198e-04
    reduced chi-square = 3.1869e-06
    Akaike info crit   = -440.112276
    Bayesian info crit = -435.446232
    R-squared          = 0.98967513
[[Variables]]
    lambda0:       4232.548 (fixed)
    f:             0.00545 (fixed)
    gamma:         1e+08 (fixed)
    b:             2.76203126 +/- 0.10499387 (3.80%) (init = 3.36)
    N:             6.6135e+12 +/- 1.3077e+11 (1.98%) (init = 7e+12)
    v_rad:        -1.43687049 +/- 0.05807195 (4.04%) (init = 0.6)
    v_resolution:  3.75 (fixed)
    n_step:        25 (fixed)
[[Correlations]] (unreported correlations are < 0.100)
    C(b, N) = +0.5342"
11,HD 144470,1.49E-05,4232.548,0.00545,100000000,2.472564143,,7.03615E+12,-2.001049947,3.75,25,"[[Model]]
    Model(voigt_absorption_line)
[[Fit Statistics]]
    # fitting method   = leastsq
    # function evals   = 37
    # data points      = 35
    # variables        = 3
    chi-square         = 4.7678e-04
    reduced chi-square = 1.4899e-05
    Akaike info crit   = -386.132985
    Bayesian info crit = -381.466940
    R-squared          = 0.96006899
[[Variables]]
    lambda0:       4232.548 (fixed)
    f:             0.00545 (fixed)
    gamma:         1e+08 (fixed)
    b:             2.47256414 +/- 0.20427895 (8.26%) (init = 3.36)
    N:             7.0361e+12 +/- 2.7447e+11 (3.90%) (init = 7e+12)
    v_rad:        -2.00104995 +/- 0.10794201 (5.39%) (init = 0.6)
    v_resolution:  3.75 (fixed)
    n_step:        25 (fixed)
[[Correlations]] (unreported correlations are < 0.100)
    C(b, N) = +0.5216"
12,HD 147165,3.37E-05,4232.548,0.00545,100000000,1.284431481,1.629416886,6.02496E+12,-0.667963725,3.75,25,"[[Model]]
    Model(voigt_absorption_line)
[[Fit Statistics]]
    # fitting method   = leastsq
    # function evals   = 29
    # data points      = 35
    # variables        = 3
    chi-square         = 0.00107801
    reduced chi-square = 3.3688e-05
    Akaike info crit   = -357.579577
    Bayesian info crit = -352.913533
    R-squared          = 0.90946560
[[Variables]]
    lambda0:       4232.548 (fixed)
    f:             0.00545 (fixed)
    gamma:         1e+08 (fixed)
    b:             1.28443148 +/- 0.37090580 (28.88%) (init = 3.36)
    N:             6.0250e+12 +/- 3.4758e+11 (5.77%) (init = 7e+12)
    v_rad:        -0.66796373 +/- 0.13192700 (19.75%) (init = 0.6)
    v_resolution:  3.75 (fixed)
    n_step:        25 (fixed)
[[Correlations]] (unreported correlations are < 0.100)
    C(b, N) = +0.3651"
13,HD 147165,4.75E-06,4232.548,0.00545,100000000,1.974402292,,5.69252E+12,-0.354217755,3.75,25,"[[Model]]
    Model(voigt_absorption_line)
[[Fit Statistics]]
    # fitting method   = leastsq
    # function evals   = 25
    # data points      = 35
    # variables        = 3
    chi-square         = 1.5210e-04
    reduced chi-square = 4.7531e-06
    Akaike info crit   = -426.121206
    Bayesian info crit = -421.455162
    R-squared          = 0.98378683
[[Variables]]
    lambda0:       4232.548 (fixed)
    f:             0.00545 (fixed)
    gamma:         1e+08 (fixed)
    b:             1.97440229 +/- 0.13546483 (6.86%) (init = 3.36)
    N:             5.6925e+12 +/- 1.4527e+11 (2.55%) (init = 7e+12)
    v_rad:        -0.35421776 +/- 0.06377960 (18.01%) (init = 0.6)
    v_resolution:  3.75 (fixed)
    n_step:        25 (fixed)
[[Correlations]] (unreported correlations are < 0.100)
    C(b, N) = +0.5077"
14,HD 147683,5.44E-05,4232.548,0.00545,100000000,5.408726895,5.234983408,2.25653E+13,1.746625629,3.75,25,"[[Model]]
    Model(voigt_absorption_line)
[[Fit Statistics]]
    # fitting method   = leastsq
    # function evals   = 37
    # data points      = 35
    # variables        = 3
    chi-square         = 0.00174051
    reduced chi-square = 5.4391e-05
    Akaike info crit   = -340.812461
    Bayesian info crit = -336.146417
    R-squared          = 0.97056026
[[Variables]]
    lambda0:       4232.548 (fixed)
    f:             0.00545 (fixed)
    gamma:         1e+08 (fixed)
    b:             5.40872689 +/- 0.23078934 (4.27%) (init = 3.36)
    N:             2.2565e+13 +/- 7.1983e+11 (3.19%) (init = 7e+12)
    v_rad:         1.74662563 +/- 0.15339671 (8.78%) (init = 0.6)
    v_resolution:  3.75 (fixed)
    n_step:        25 (fixed)
[[Correlations]] (unreported correlations are < 0.100)
    C(b, N) = +0.5175"
15,HD 147683,9.46E-05,4232.548,0.00545,100000000,5.061239921,,2.27824E+13,0.989568353,3.75,25,"[[Model]]
    Model(voigt_absorption_line)
[[Fit Statistics]]
    # fitting method   = leastsq
    # function evals   = 41
    # data points      = 35
    # variables        = 3
    chi-square         = 0.00302574
    reduced chi-square = 9.4554e-05
    Akaike info crit   = -321.458212
    Bayesian info crit = -316.792168
    R-squared          = 0.95398992
[[Variables]]
    lambda0:       4232.548 (fixed)
    f:             0.00545 (fixed)
    gamma:         1e+08 (fixed)
    b:             5.06123992 +/- 0.28105268 (5.55%) (init = 3.36)
    N:             2.2782e+13 +/- 9.2714e+11 (4.07%) (init = 7e+12)
    v_rad:         0.98956835 +/- 0.18511055 (18.71%) (init = 0.6)
    v_resolution:  3.75 (fixed)
    n_step:        25 (fixed)
[[Correlations]] (unreported correlations are < 0.100)
    C(b, N) = +0.5118"
16,HD 149757,1.41E-05,4232.548,0.00545,100000000,2.269816602,1.733470202,3.04631E+13,-0.033526669,3.75,25,"[[Model]]
    Model(voigt_absorption_line)
[[Fit Statistics]]
    # fitting method   = leastsq
    # function evals   = 35
    # data points      = 35
    # variables        = 3
    chi-square         = 4.5089e-04
    reduced chi-square = 1.4090e-05
    Akaike info crit   = -388.087283
    Bayesian info crit = -383.421239
    R-squared          = 0.99753233
[[Variables]]
    lambda0:       4232.548 (fixed)
    f:             0.00545 (fixed)
    gamma:         1e+08 (fixed)
    b:             2.26981660 +/- 0.05009502 (2.21%) (init = 3.36)
    N:             3.0463e+13 +/- 3.0109e+11 (0.99%) (init = 7e+12)
    v_rad:        -0.03352667 +/- 0.02632939 (78.53%) (init = 0.6)
    v_resolution:  3.75 (fixed)
    n_step:        25 (fixed)
[[Correlations]] (unreported correlations are < 0.100)
    C(b, N) = +0.2548"
17,HD 149757,5.51E-06,4232.548,0.00545,100000000,1.410444143,,3.40749E+13,-0.996970672,3.75,25,"[[Model]]
    Model(voigt_absorption_line)
[[Fit Statistics]]
    # fitting method   = leastsq
    # function evals   = 34
    # data points      = 35
    # variables        = 3
    chi-square         = 1.7621e-04
    reduced chi-square = 5.5067e-06
    Akaike info crit   = -420.970733
    Bayesian info crit = -416.304689
    R-squared          = 0.99921880
[[Variables]]
    lambda0:       4232.548 (fixed)
    f:             0.00545 (fixed)
    gamma:         1e+08 (fixed)
    b:             1.41044414 +/- 0.03123830 (2.21%) (init = 3.36)
    N:             3.4075e+13 +/- 2.3770e+11 (0.70%) (init = 7e+12)
    v_rad:        -0.99697067 +/- 0.01248138 (1.25%) (init = 0.6)
    v_resolution:  3.75 (fixed)
    n_step:        25 (fixed)
[[Correlations]] (unreported correlations are < 0.100)
    C(b, N) = -0.4579"
18,HD 149757,9.76E-06,4232.548,0.00545,100000000,1.520149861,,3.29033E+13,-0.836480644,3.75,25,"[[Model]]
    Model(voigt_absorption_line)
[[Fit Statistics]]
    # fitting method   = leastsq
    # function evals   = 34
    # data points      = 35
    # variables        = 3
    chi-square         = 3.1218e-04
    reduced chi-square = 9.7556e-06
    Akaike info crit   = -400.954726
    Bayesian info crit = -396.288682
    R-squared          = 0.99855237
[[Variables]]
    lambda0:       4232.548 (fixed)
    f:             0.00545 (fixed)
    gamma:         1e+08 (fixed)
    b:             1.52014986 +/- 0.04127471 (2.72%) (init = 3.36)
    N:             3.2903e+13 +/- 2.8132e+11 (0.85%) (init = 7e+12)
    v_rad:        -0.83648064 +/- 0.01733185 (2.07%) (init = 0.6)
    v_resolution:  3.75 (fixed)
    n_step:        25 (fixed)
[[Correlations]] (unreported correlations are < 0.100)
    C(b, N) = -0.2925"
19,HD 149757,0.002162034,4232.548,0.00545,100000000,3.775058002,,4.15466E+13,-0.308994357,3.75,25,"[[Model]]
    Model(voigt_absorption_line)
[[Fit Statistics]]
    # fitting method   = leastsq
    # function evals   = 61
    # data points      = 35
    # variables        = 3
    chi-square         = 0.06918510
    reduced chi-square = 0.00216203
    Akaike info crit   = -211.921122
    Bayesian info crit = -207.255078
    R-squared          = 0.74492264
[[Variables]]
    lambda0:       4232.548 (fixed)
    f:             0.00545 (fixed)
    gamma:         1e+08 (fixed)
    b:             3.77505800 +/- 0.59791261 (15.84%) (init = 3.36)
    N:             4.1547e+13 +/- 4.3701e+12 (10.52%) (init = 7e+12)
    v_rad:        -0.30899436 +/- 0.37907271 (122.68%) (init = 0.6)
    v_resolution:  3.75 (fixed)
    n_step:        25 (fixed)
[[Correlations]] (unreported correlations are < 0.100)
    C(b, N) = +0.3920"
20,HD 149757,8.65E-06,4232.548,0.00545,100000000,2.176550632,,3.07021E+13,-0.130054153,3.75,25,"[[Model]]
    Model(voigt_absorption_line)
[[Fit Statistics]]
    # fitting method   = leastsq
    # function evals   = 34
    # data points      = 35
    # variables        = 3
    chi-square         = 2.7693e-04
    reduced chi-square = 8.6540e-06
    Akaike info crit   = -405.148694
    Bayesian info crit = -400.482650
    R-squared          = 0.99851028
[[Variables]]
    lambda0:       4232.548 (fixed)
    f:             0.00545 (fixed)
    gamma:         1e+08 (fixed)
    b:             2.17655063 +/- 0.03880989 (1.78%) (init = 3.36)
    N:             3.0702e+13 +/- 2.3528e+11 (0.77%) (init = 7e+12)
    v_rad:        -0.13005415 +/- 0.01999800 (15.38%) (init = 0.6)
    v_resolution:  3.75 (fixed)
    n_step:        25 (fixed)
[[Correlations]] (unreported correlations are < 0.100)
    C(b, N) = +0.2212"
21,HD 149757,0.015032541,4232.548,0.00545,100000000,0.322187541,,5.0378E+13,0.758810774,3.75,25,"[[Model]]
    Model(voigt_absorption_line)
[[Fit Statistics]]
    # fitting method   = leastsq
    # function evals   = 108
    # data points      = 35
    # variables        = 3
    chi-square         = 0.48104131
    reduced chi-square = 0.01503254
    Akaike info crit   = -144.050257
    Bayesian info crit = -139.384213
    R-squared          = 0.10611804
[[Variables]]
    lambda0:       4232.548 (fixed)
    f:             0.00545 (fixed)
    gamma:         1e+08 (fixed)
    b:             0.32218754 +/- 19.9341344 (6187.12%) (init = 3.36)
    N:             5.0378e+13 +/- 7.9002e+15 (15681.85%) (init = 7e+12)
    v_rad:         0.75881077 +/- 0.85260870 (112.36%) (init = 0.6)
    v_resolution:  3.75 (fixed)
    n_step:        25 (fixed)
[[Correlations]] (unreported correlations are < 0.100)
    C(b, N) = -1.0000"
22,HD 166937,1.70E-05,4232.548,0.00545,100000000,1.824338115,1.92199935,1.15225E+13,-0.938767655,3.75,25,"[[Model]]
    Model(voigt_absorption_line)
[[Fit Statistics]]
    # fitting method   = leastsq
    # function evals   = 30
    # data points      = 35
    # variables        = 3
    chi-square         = 5.4419e-04
    reduced chi-square = 1.7006e-05
    Akaike info crit   = -381.504396
    Bayesian info crit = -376.838352
    R-squared          = 0.98517754
[[Variables]]
    lambda0:       4232.548 (fixed)
    f:             0.00545 (fixed)
    gamma:         1e+08 (fixed)
    b:             1.82433811 +/- 0.13072986 (7.17%) (init = 3.36)
    N:             1.1522e+13 +/- 2.7692e+11 (2.40%) (init = 7e+12)
    v_rad:        -0.93876766 +/- 0.05946955 (6.33%) (init = 0.6)
    v_resolution:  3.75 (fixed)
    n_step:        25 (fixed)
[[Correlations]] (unreported correlations are < 0.100)
    C(b, N) = +0.3992"
23,HD 166937,1.40E-05,4232.548,0.00545,100000000,2.019660585,,1.07717E+13,-0.245095724,3.75,25,"[[Model]]
    Model(voigt_absorption_line)
[[Fit Statistics]]
    # fitting method   = leastsq
    # function evals   = 37
    # data points      = 35
    # variables        = 3
    chi-square         = 4.4902e-04
    reduced chi-square = 1.4032e-05
    Akaike info crit   = -388.232793
    Bayesian info crit = -383.566748
    R-squared          = 0.98563280
[[Variables]]
    lambda0:       4232.548 (fixed)
    f:             0.00545 (fixed)
    gamma:         1e+08 (fixed)
    b:             2.01966058 +/- 0.12653706 (6.27%) (init = 3.36)
    N:             1.0772e+13 +/- 2.5709e+11 (2.39%) (init = 7e+12)
    v_rad:        -0.24509572 +/- 0.06088073 (24.84%) (init = 0.6)
    v_resolution:  3.75 (fixed)
    n_step:        25 (fixed)
[[Correlations]] (unreported correlations are < 0.100)
    C(b, N) = +0.4462"
24,HD 170740,1.15E-05,4232.548,0.00545,100000000,3.137131613,3.55686875,1.69095E+13,-0.678648625,3.75,25,"[[Model]]
    Model(voigt_absorption_line)
[[Fit Statistics]]
    # fitting method   = leastsq
    # function evals   = 33
    # data points      = 35
    # variables        = 3
    chi-square         = 3.6909e-04
    reduced chi-square = 1.1534e-05
    Akaike info crit   = -395.093170
    Bayesian info crit = -390.427126
    R-squared          = 0.99322842
[[Variables]]
    lambda0:       4232.548 (fixed)
    f:             0.00545 (fixed)
    gamma:         1e+08 (fixed)
    b:             3.13713161 +/- 0.08710971 (2.78%) (init = 3.36)
    N:             1.6909e+13 +/- 2.7090e+11 (1.60%) (init = 7e+12)
    v_rad:        -0.67864862 +/- 0.05112351 (7.53%) (init = 0.6)
    v_resolution:  3.75 (fixed)
    n_step:        25 (fixed)
[[Correlations]] (unreported correlations are < 0.100)
    C(b, N) = +0.4841"
25,HD 170740,3.84E-06,4232.548,0.00545,100000000,3.688435162,,1.65681E+13,0.063707501,3.75,25,"[[Model]]
    Model(voigt_absorption_line)
[[Fit Statistics]]
    # fitting method   = leastsq
    # function evals   = 29
    # data points      = 35
    # variables        = 3
    chi-square         = 1.2300e-04
    reduced chi-square = 3.8438e-06
    Akaike info crit   = -433.553050
    Bayesian info crit = -428.887006
    R-squared          = 0.99734903
[[Variables]]
    lambda0:       4232.548 (fixed)
    f:             0.00545 (fixed)
    gamma:         1e+08 (fixed)
    b:             3.68843516 +/- 0.05731890 (1.55%) (init = 3.36)
    N:             1.6568e+13 +/- 1.6409e+11 (0.99%) (init = 7e+12)
    v_rad:         0.06370750 +/- 0.03523749 (55.31%) (init = 0.6)
    v_resolution:  3.75 (fixed)
    n_step:        25 (fixed)
[[Correlations]] (unreported correlations are < 0.100)
    C(b, N) = +0.5058"
26,HD 170740,1.00E-05,4232.548,0.00545,100000000,3.694752407,,1.68231E+13,-0.653046549,3.75,25,"[[Model]]
    Model(voigt_absorption_line)
[[Fit Statistics]]
    # fitting method   = leastsq
    # function evals   = 29
    # data points      = 35
    # variables        = 3
    chi-square         = 3.2147e-04
    reduced chi-square = 1.0046e-05
    Akaike info crit   = -399.928378
    Bayesian info crit = -395.262334
    R-squared          = 0.99330491
[[Variables]]
    lambda0:       4232.548 (fixed)
    f:             0.00545 (fixed)
    gamma:         1e+08 (fixed)
    b:             3.69475241 +/- 0.09145665 (2.48%) (init = 3.36)
    N:             1.6823e+13 +/- 2.6571e+11 (1.58%) (init = 7e+12)
    v_rad:        -0.65304655 +/- 0.05626546 (8.62%) (init = 0.6)
    v_resolution:  3.75 (fixed)
    n_step:        25 (fixed)
[[Correlations]] (unreported correlations are < 0.100)
    C(b, N) = +0.5048"
27,HD 170740,6.43E-06,4232.548,0.00545,100000000,3.600481692,,1.6379E+13,-0.26549906,3.75,25,"[[Model]]
    Model(voigt_absorption_line)
[[Fit Statistics]]
    # fitting method   = leastsq
    # function evals   = 29
    # data points      = 35
    # variables        = 3
    chi-square         = 2.0585e-04
    reduced chi-square = 6.4328e-06
    Akaike info crit   = -415.530219
    Bayesian info crit = -410.864175
    R-squared          = 0.99554244
[[Variables]]
    lambda0:       4232.548 (fixed)
    f:             0.00545 (fixed)
    gamma:         1e+08 (fixed)
    b:             3.60048169 +/- 0.07358545 (2.04%) (init = 3.36)
    N:             1.6379e+13 +/- 2.1047e+11 (1.29%) (init = 7e+12)
    v_rad:        -0.26549906 +/- 0.04494418 (16.93%) (init = 0.6)
    v_resolution:  3.75 (fixed)
    n_step:        25 (fixed)
[[Correlations]] (unreported correlations are < 0.100)
    C(b, N) = +0.5042"
28,HD 170740,1.12E-05,4232.548,0.00545,100000000,3.847311333,,1.67658E+13,0.160448451,3.75,25,"[[Model]]
    Model(voigt_absorption_line)
[[Fit Statistics]]
    # fitting method   = leastsq
    # function evals   = 29
    # data points      = 35
    # variables        = 3
    chi-square         = 3.5683e-04
    reduced chi-square = 1.1151e-05
    Akaike info crit   = -396.276391
    Bayesian info crit = -391.610347
    R-squared          = 0.99214441
[[Variables]]
    lambda0:       4232.548 (fixed)
    f:             0.00545 (fixed)
    gamma:         1e+08 (fixed)
    b:             3.84731133 +/- 0.09983192 (2.59%) (init = 3.36)
    N:             1.6766e+13 +/- 2.8356e+11 (1.69%) (init = 7e+12)
    v_rad:         0.16044845 +/- 0.06203279 (38.66%) (init = 0.6)
    v_resolution:  3.75 (fixed)
    n_step:        25 (fixed)
[[Correlations]] (unreported correlations are < 0.100)
    C(b, N) = +0.5091"
29,HD 170740,4.25E-05,4232.548,0.00545,100000000,3.480457869,,1.71628E+13,-0.55787242,3.75,25,"[[Model]]
    Model(voigt_absorption_line)
[[Fit Statistics]]
    # fitting method   = leastsq
    # function evals   = 29
    # data points      = 35
    # variables        = 3
    chi-square         = 0.00136040
    reduced chi-square = 4.2512e-05
    Akaike info crit   = -349.436370
    Bayesian info crit = -344.770326
    R-squared          = 0.97409571
[[Variables]]
    lambda0:       4232.548 (fixed)
    f:             0.00545 (fixed)
    gamma:         1e+08 (fixed)
    b:             3.48045787 +/- 0.17656621 (5.07%) (init = 3.36)
    N:             1.7163e+13 +/- 5.3714e+11 (3.13%) (init = 7e+12)
    v_rad:        -0.55787242 +/- 0.10694358 (19.17%) (init = 0.6)
    v_resolution:  3.75 (fixed)
    n_step:        25 (fixed)
[[Correlations]] (unreported correlations are < 0.100)
    C(b, N) = +0.4965"
30,HD 170740,2.15E-05,4232.548,0.00545,100000000,3.510647048,,1.62269E+13,-0.675583333,3.75,25,"[[Model]]
    Model(voigt_absorption_line)
[[Fit Statistics]]
    # fitting method   = leastsq
    # function evals   = 29
    # data points      = 35
    # variables        = 3
    chi-square         = 6.8838e-04
    reduced chi-square = 2.1512e-05
    Akaike info crit   = -373.278164
    Bayesian info crit = -368.612120
    R-squared          = 0.98561151
[[Variables]]
    lambda0:       4232.548 (fixed)
    f:             0.00545 (fixed)
    gamma:         1e+08 (fixed)
    b:             3.51064705 +/- 0.13325315 (3.80%) (init = 3.36)
    N:             1.6227e+13 +/- 3.8161e+11 (2.35%) (init = 7e+12)
    v_rad:        -0.67558333 +/- 0.08081875 (11.96%) (init = 0.6)
    v_resolution:  3.75 (fixed)
    n_step:        25 (fixed)
[[Correlations]] (unreported correlations are < 0.100)
    C(b, N) = +0.5021"
31,HD 170740,8.07E-06,4232.548,0.00545,100000000,3.805256271,,1.64941E+13,0.194095893,3.75,25,"[[Model]]
    Model(voigt_absorption_line)
[[Fit Statistics]]
    # fitting method   = leastsq
    # function evals   = 25
    # data points      = 35
    # variables        = 3
    chi-square         = 2.5816e-04
    reduced chi-square = 8.0676e-06
    Akaike info crit   = -407.604173
    Bayesian info crit = -402.938129
    R-squared          = 0.99422715
[[Variables]]
    lambda0:       4232.548 (fixed)
    f:             0.00545 (fixed)
    gamma:         1e+08 (fixed)
    b:             3.80525627 +/- 0.08547753 (2.25%) (init = 3.36)
    N:             1.6494e+13 +/- 2.4007e+11 (1.46%) (init = 7e+12)
    v_rad:         0.19409589 +/- 0.05295646 (27.28%) (init = 0.6)
    v_resolution:  3.75 (fixed)
    n_step:        25 (fixed)
[[Correlations]] (unreported correlations are < 0.100)
    C(b, N) = +0.5092"
32,HD 170740,1.80E-05,4232.548,0.00545,100000000,3.46637844,,1.69122E+13,-0.87869468,3.75,25,"[[Model]]
    Model(voigt_absorption_line)
[[Fit Statistics]]
    # fitting method   = leastsq
    # function evals   = 33
    # data points      = 35
    # variables        = 3
    chi-square         = 5.7681e-04
    reduced chi-square = 1.8025e-05
    Akaike info crit   = -379.466803
    Bayesian info crit = -374.800759
    R-squared          = 0.98846672
[[Variables]]
    lambda0:       4232.548 (fixed)
    f:             0.00545 (fixed)
    gamma:         1e+08 (fixed)
    b:             3.46637844 +/- 0.11623926 (3.35%) (init = 3.36)
    N:             1.6912e+13 +/- 3.4894e+11 (2.06%) (init = 7e+12)
    v_rad:        -0.87869468 +/- 0.07030450 (8.00%) (init = 0.6)
    v_resolution:  3.75 (fixed)
    n_step:        25 (fixed)
[[Correlations]] (unreported correlations are < 0.100)
    C(b, N) = +0.4973"
33,HD 170740,7.94E-06,4232.548,0.00545,100000000,3.33783567,,1.65691E+13,0.061673021,3.75,25,"[[Model]]
    Model(voigt_absorption_line)
[[Fit Statistics]]
    # fitting method   = leastsq
    # function evals   = 25
    # data points      = 35
    # variables        = 3
    chi-square         = 2.5423e-04
    reduced chi-square = 7.9448e-06
    Akaike info crit   = -408.141147
    Bayesian info crit = -403.475103
    R-squared          = 0.99488733
[[Variables]]
    lambda0:       4232.548 (fixed)
    f:             0.00545 (fixed)
    gamma:         1e+08 (fixed)
    b:             3.33783567 +/- 0.07665262 (2.30%) (init = 3.36)
    N:             1.6569e+13 +/- 2.2866e+11 (1.38%) (init = 7e+12)
    v_rad:         0.06167302 +/- 0.04583932 (74.33%) (init = 0.6)
    v_resolution:  3.75 (fixed)
    n_step:        25 (fixed)
[[Correlations]] (unreported correlations are < 0.100)
    C(b, N) = +0.4944"
34,HD 184915,3.33E-05,4232.548,0.00545,100000000,2.919994435,2.667934735,7.05228E+12,-1.776776764,3.75,25,"[[Model]]
    Model(voigt_absorption_line)
[[Fit Statistics]]
    # fitting method   = leastsq
    # function evals   = 37
    # data points      = 35
    # variables        = 3
    chi-square         = 0.00106478
    reduced chi-square = 3.3275e-05
    Akaike info crit   = -358.011574
    Bayesian info crit = -353.345530
    R-squared          = 0.90142317
[[Variables]]
    lambda0:       4232.548 (fixed)
    f:             0.00545 (fixed)
    gamma:         1e+08 (fixed)
    b:             2.91999444 +/- 0.32791094 (11.23%) (init = 3.36)
    N:             7.0523e+12 +/- 4.3052e+11 (6.10%) (init = 7e+12)
    v_rad:        -1.77677676 +/- 0.18535079 (10.43%) (init = 0.6)
    v_resolution:  3.75 (fixed)
    n_step:        25 (fixed)
[[Correlations]] (unreported correlations are < 0.100)
    C(b, N) = +0.5353"
35,HD 184915,6.13E-06,4232.548,0.00545,100000000,2.582229505,,6.71183E+12,-0.677337853,3.75,25,"[[Model]]
    Model(voigt_absorption_line)
[[Fit Statistics]]
    # fitting method   = leastsq
    # function evals   = 37
    # data points      = 35
    # variables        = 3
    chi-square         = 1.9630e-04
    reduced chi-square = 6.1343e-06
    Akaike info crit   = -417.193096
    Bayesian info crit = -412.527052
    R-squared          = 0.98125710
[[Variables]]
    lambda0:       4232.548 (fixed)
    f:             0.00545 (fixed)
    gamma:         1e+08 (fixed)
    b:             2.58222951 +/- 0.13941944 (5.40%) (init = 3.36)
    N:             6.7118e+12 +/- 1.7800e+11 (2.65%) (init = 7e+12)
    v_rad:        -0.67733785 +/- 0.07503652 (11.08%) (init = 0.6)
    v_resolution:  3.75 (fixed)
    n_step:        25 (fixed)
[[Correlations]] (unreported correlations are < 0.100)
    C(b, N) = +0.5282"
36,HD 184915,6.14E-06,4232.548,0.00545,100000000,2.505729452,,6.56894E+12,-0.879596614,3.75,25,"[[Model]]
    Model(voigt_absorption_line)
[[Fit Statistics]]
    # fitting method   = leastsq
    # function evals   = 33
    # data points      = 35
    # variables        = 3
    chi-square         = 1.9659e-04
    reduced chi-square = 6.1436e-06
    Akaike info crit   = -417.140007
    Bayesian info crit = -412.473962
    R-squared          = 0.98091779
[[Variables]]
    lambda0:       4232.548 (fixed)
    f:             0.00545 (fixed)
    gamma:         1e+08 (fixed)
    b:             2.50572945 +/- 0.14085930 (5.62%) (init = 3.36)
    N:             6.5689e+12 +/- 1.7652e+11 (2.69%) (init = 7e+12)
    v_rad:        -0.87959661 +/- 0.07481919 (8.51%) (init = 0.6)
    v_resolution:  3.75 (fixed)
    n_step:        25 (fixed)
[[Correlations]] (unreported correlations are < 0.100)
    C(b, N) = +0.5266"
37,HD 184915,6.12E-06,4232.548,0.00545,100000000,2.513259943,,6.30643E+12,-1.290925023,3.75,25,"[[Model]]
    Model(voigt_absorption_line)
[[Fit Statistics]]
    # fitting method   = leastsq
    # function evals   = 41
    # data points      = 35
    # variables        = 3
    chi-square         = 1.9582e-04
    reduced chi-square = 6.1193e-06
    Akaike info crit   = -417.278469
    Bayesian info crit = -412.612425
    R-squared          = 0.97917562
[[Variables]]
    lambda0:       4232.548 (fixed)
    f:             0.00545 (fixed)
    gamma:         1e+08 (fixed)
    b:             2.51325994 +/- 0.14642977 (5.83%) (init = 3.36)
    N:             6.3064e+12 +/- 1.7612e+11 (2.79%) (init = 7e+12)
    v_rad:        -1.29092502 +/- 0.07784902 (6.03%) (init = 0.6)
    v_resolution:  3.75 (fixed)
    n_step:        25 (fixed)
[[Correlations]] (unreported correlations are < 0.100)
    C(b, N) = +0.5290"
38,HD 184915,8.40E-06,4232.548,0.00545,100000000,3.145274936,,6.88305E+12,-2.062431219,3.75,25,"[[Model]]
    Model(voigt_absorption_line)
[[Fit Statistics]]
    # fitting method   = leastsq
    # function evals   = 33
    # data points      = 35
    # variables        = 3
    chi-square         = 2.6878e-04
    reduced chi-square = 8.3992e-06
    Akaike info crit   = -406.194436
    Bayesian info crit = -401.528391
    R-squared          = 0.97185105
[[Variables]]
    lambda0:       4232.548 (fixed)
    f:             0.00545 (fixed)
    gamma:         1e+08 (fixed)
    b:             3.14527494 +/- 0.17620995 (5.60%) (init = 3.36)
    N:             6.8831e+12 +/- 2.2122e+11 (3.21%) (init = 7e+12)
    v_rad:        -2.06243122 +/- 0.10220997 (4.96%) (init = 0.6)
    v_resolution:  3.75 (fixed)
    n_step:        25 (fixed)
[[Correlations]] (unreported correlations are < 0.100)
    C(b, N) = +0.5409"
39,HD 184915,1.40E-05,4232.548,0.00545,100000000,2.341120139,,6.22292E+12,-1.415236942,3.75,25,"[[Model]]
    Model(voigt_absorption_line)
[[Fit Statistics]]
    # fitting method   = leastsq
    # function evals   = 33
    # data points      = 35
    # variables        = 3
    chi-square         = 4.4653e-04
    reduced chi-square = 1.3954e-05
    Akaike info crit   = -388.427592
    Bayesian info crit = -383.761548
    R-squared          = 0.95539271
[[Variables]]
    lambda0:       4232.548 (fixed)
    f:             0.00545 (fixed)
    gamma:         1e+08 (fixed)
    b:             2.34112014 +/- 0.21896381 (9.35%) (init = 3.36)
    N:             6.2229e+12 +/- 2.6072e+11 (4.19%) (init = 7e+12)
    v_rad:        -1.41523694 +/- 0.11270099 (7.96%) (init = 0.6)
    v_resolution:  3.75 (fixed)
    n_step:        25 (fixed)
[[Correlations]] (unreported correlations are < 0.100)
    C(b, N) = +0.5231"
40,HD 185418,3.89E-05,4232.548,0.00545,100000000,4.764123392,4.79770209,1.66314E+13,1.69403712,3.75,25,"[[Model]]
    Model(voigt_absorption_line)
[[Fit Statistics]]
    # fitting method   = leastsq
    # function evals   = 37
    # data points      = 35
    # variables        = 3
    chi-square         = 0.00124448
    reduced chi-square = 3.8890e-05
    Akaike info crit   = -352.553357
    Bayesian info crit = -347.887312
    R-squared          = 0.96793976
[[Variables]]
    lambda0:       4232.548 (fixed)
    f:             0.00545 (fixed)
    gamma:         1e+08 (fixed)
    b:             4.76412339 +/- 0.22847934 (4.80%) (init = 3.36)
    N:             1.6631e+13 +/- 5.7004e+11 (3.43%) (init = 7e+12)
    v_rad:         1.69403712 +/- 0.14825720 (8.75%) (init = 0.6)
    v_resolution:  3.75 (fixed)
    n_step:        25 (fixed)
[[Correlations]] (unreported correlations are < 0.100)
    C(b, N) = +0.5264"
41,HD 185418,1.32E-05,4232.548,0.00545,100000000,4.982254499,,1.75282E+13,1.751712661,3.75,25,"[[Model]]
    Model(voigt_absorption_line)
[[Fit Statistics]]
    # fitting method   = leastsq
    # function evals   = 33
    # data points      = 35
    # variables        = 3
    chi-square         = 4.2085e-04
    reduced chi-square = 1.3152e-05
    Akaike info crit   = -390.500420
    Bayesian info crit = -385.834375
    R-squared          = 0.98912964
[[Variables]]
    lambda0:       4232.548 (fixed)
    f:             0.00545 (fixed)
    gamma:         1e+08 (fixed)
    b:             4.98225450 +/- 0.13226833 (2.65%) (init = 3.36)
    N:             1.7528e+13 +/- 3.3799e+11 (1.93%) (init = 7e+12)
    v_rad:         1.75171266 +/- 0.08652635 (4.94%) (init = 0.6)
    v_resolution:  3.75 (fixed)
    n_step:        25 (fixed)
[[Correlations]] (unreported correlations are < 0.100)
    C(b, N) = +0.5264"
42,HD 185418,4.81E-05,4232.548,0.00545,100000000,4.691210686,,1.72717E+13,1.828327539,3.75,25,"[[Model]]
    Model(voigt_absorption_line)
[[Fit Statistics]]
    # fitting method   = leastsq
    # function evals   = 33
    # data points      = 35
    # variables        = 3
    chi-square         = 0.00153953
    reduced chi-square = 4.8110e-05
    Akaike info crit   = -345.106889
    Bayesian info crit = -340.440845
    R-squared          = 0.96317259
[[Variables]]
    lambda0:       4232.548 (fixed)
    f:             0.00545 (fixed)
    gamma:         1e+08 (fixed)
    b:             4.69121069 +/- 0.24136868 (5.15%) (init = 3.36)
    N:             1.7272e+13 +/- 6.3187e+11 (3.66%) (init = 7e+12)
    v_rad:         1.82832754 +/- 0.15630253 (8.55%) (init = 0.6)
    v_resolution:  3.75 (fixed)
    n_step:        25 (fixed)
[[Correlations]] (unreported correlations are < 0.100)
    C(b, N) = +0.5233"
43,HD 185418,2.13E-05,4232.548,0.00545,100000000,4.753219784,,1.70389E+13,2.579551465,3.75,25,"[[Model]]
    Model(voigt_absorption_line)
[[Fit Statistics]]
    # fitting method   = leastsq
    # function evals   = 37
    # data points      = 35
    # variables        = 3
    chi-square         = 6.8156e-04
    reduced chi-square = 2.1299e-05
    Akaike info crit   = -373.626706
    Bayesian info crit = -368.960662
    R-squared          = 0.98251292
[[Variables]]
    lambda0:       4232.548 (fixed)
    f:             0.00545 (fixed)
    gamma:         1e+08 (fixed)
    b:             4.75321978 +/- 0.16482786 (3.47%) (init = 3.36)
    N:             1.7039e+13 +/- 4.2208e+11 (2.48%) (init = 7e+12)
    v_rad:         2.57955146 +/- 0.10695934 (4.15%) (init = 0.6)
    v_resolution:  3.75 (fixed)
    n_step:        25 (fixed)
[[Correlations]] (unreported correlations are < 0.100)
    C(b, N) = +0.5249"
44,HD 185859,6.21E-06,4232.548,0.00545,100000000,3.19787568,3.257407834,1.8348E+13,-1.282469417,3.75,25,"[[Model]]
    Model(voigt_absorption_line)
[[Fit Statistics]]
    # fitting method   = leastsq
    # function evals   = 41
    # data points      = 35
    # variables        = 3
    chi-square         = 1.9858e-04
    reduced chi-square = 6.2057e-06
    Akaike info crit   = -416.788181
    Bayesian info crit = -412.122137
    R-squared          = 0.99676827
[[Variables]]
    lambda0:       4232.548 (fixed)
    f:             0.00545 (fixed)
    gamma:         1e+08 (fixed)
    b:             3.19787568 +/- 0.05988950 (1.87%) (init = 3.36)
    N:             1.8348e+13 +/- 2.0116e+11 (1.10%) (init = 7e+12)
    v_rad:        -1.28246942 +/- 0.03542674 (2.76%) (init = 0.6)
    v_resolution:  3.75 (fixed)
    n_step:        25 (fixed)
[[Correlations]] (unreported correlations are < 0.100)
    C(b, N) = +0.4786"
45,HD 185859,8.31E-06,4232.548,0.00545,100000000,3.26458739,,1.85357E+13,-1.289642564,3.75,25,"[[Model]]
    Model(voigt_absorption_line)
[[Fit Statistics]]
    # fitting method   = leastsq
    # function evals   = 33
    # data points      = 35
    # variables        = 3
    chi-square         = 2.6582e-04
    reduced chi-square = 8.3069e-06
    Akaike info crit   = -406.581175
    Bayesian info crit = -401.915131
    R-squared          = 0.99575166
[[Variables]]
    lambda0:       4232.548 (fixed)
    f:             0.00545 (fixed)
    gamma:         1e+08 (fixed)
    b:             3.26458739 +/- 0.06953439 (2.13%) (init = 3.36)
    N:             1.8536e+13 +/- 2.3435e+11 (1.26%) (init = 7e+12)
    v_rad:        -1.28964256 +/- 0.04140335 (3.21%) (init = 0.6)
    v_resolution:  3.75 (fixed)
    n_step:        25 (fixed)
[[Correlations]] (unreported correlations are < 0.100)
    C(b, N) = +0.4808"
46,HD 185859,4.21E-06,4232.548,0.00545,100000000,3.268781836,,1.83461E+13,-1.309980576,3.75,25,"[[Model]]
    Model(voigt_absorption_line)
[[Fit Statistics]]
    # fitting method   = leastsq
    # function evals   = 41
    # data points      = 35
    # variables        = 3
    chi-square         = 1.3470e-04
    reduced chi-square = 4.2095e-06
    Akaike info crit   = -430.372610
    Bayesian info crit = -425.706565
    R-squared          = 0.99777732
[[Variables]]
    lambda0:       4232.548 (fixed)
    f:             0.00545 (fixed)
    gamma:         1e+08 (fixed)
    b:             3.26878184 +/- 0.05002185 (1.53%) (init = 3.36)
    N:             1.8346e+13 +/- 1.6673e+11 (0.91%) (init = 7e+12)
    v_rad:        -1.30998058 +/- 0.02978689 (2.27%) (init = 0.6)
    v_resolution:  3.75 (fixed)
    n_step:        25 (fixed)
[[Correlations]] (unreported correlations are < 0.100)
    C(b, N) = +0.4819"
47,HD 185859,8.23E-06,4232.548,0.00545,100000000,3.243531009,,1.81534E+13,-1.765608104,3.75,25,"[[Model]]
    Model(voigt_absorption_line)
[[Fit Statistics]]
    # fitting method   = leastsq
    # function evals   = 33
    # data points      = 35
    # variables        = 3
    chi-square         = 2.6331e-04
    reduced chi-square = 8.2284e-06
    Akaike info crit   = -406.913515
    Bayesian info crit = -402.247471
    R-squared          = 0.99567703
[[Variables]]
    lambda0:       4232.548 (fixed)
    f:             0.00545 (fixed)
    gamma:         1e+08 (fixed)
    b:             3.24353101 +/- 0.07028055 (2.17%) (init = 3.36)
    N:             1.8153e+13 +/- 2.3240e+11 (1.28%) (init = 7e+12)
    v_rad:        -1.76560810 +/- 0.04174257 (2.36%) (init = 0.6)
    v_resolution:  3.75 (fixed)
    n_step:        25 (fixed)
[[Correlations]] (unreported correlations are < 0.100)
    C(b, N) = +0.4820"
48,HD 185859,8.96E-06,4232.548,0.00545,100000000,3.354856131,,1.8528E+13,-1.594962466,3.75,25,"[[Model]]
    Model(voigt_absorption_line)
[[Fit Statistics]]
    # fitting method   = leastsq
    # function evals   = 37
    # data points      = 35
    # variables        = 3
    chi-square         = 2.8656e-04
    reduced chi-square = 8.9551e-06
    Akaike info crit   = -403.951476
    Bayesian info crit = -399.285432
    R-squared          = 0.99530146
[[Variables]]
    lambda0:       4232.548 (fixed)
    f:             0.00545 (fixed)
    gamma:         1e+08 (fixed)
    b:             3.35485613 +/- 0.07353008 (2.19%) (init = 3.36)
    N:             1.8528e+13 +/- 2.4527e+11 (1.32%) (init = 7e+12)
    v_rad:        -1.59496247 +/- 0.04413879 (2.77%) (init = 0.6)
    v_resolution:  3.75 (fixed)
    n_step:        25 (fixed)
[[Correlations]] (unreported correlations are < 0.100)
    C(b, N) = +0.4847"
49,HD 185859,2.37E-06,4232.548,0.00545,100000000,3.214814958,,1.84624E+13,-0.931508965,3.75,25,"[[Model]]
    Model(voigt_absorption_line)
[[Fit Statistics]]
    # fitting method   = leastsq
    # function evals   = 33
    # data points      = 35
    # variables        = 3
    chi-square         = 7.5835e-05
    reduced chi-square = 2.3698e-06
    Akaike info crit   = -450.480503
    Bayesian info crit = -445.814459
    R-squared          = 0.99878252
[[Variables]]
    lambda0:       4232.548 (fixed)
    f:             0.00545 (fixed)
    gamma:         1e+08 (fixed)
    b:             3.21481496 +/- 0.03691949 (1.15%) (init = 3.36)
    N:             1.8462e+13 +/- 1.2456e+11 (0.67%) (init = 7e+12)
    v_rad:        -0.93150897 +/- 0.02187625 (2.35%) (init = 0.6)
    v_resolution:  3.75 (fixed)
    n_step:        25 (fixed)
[[Correlations]] (unreported correlations are < 0.100)
    C(b, N) = +0.4788"
50,HD 203532,2.35E-06,4232.548,0.00545,100000000,3.021001948,2.913089497,4.45537E+12,-2.102918486,3.75,25,"[[Model]]
    Model(voigt_absorption_line)
[[Fit Statistics]]
    # fitting method   = leastsq
    # function evals   = 37
    # data points      = 35
    # variables        = 3
    chi-square         = 7.5125e-05
    reduced chi-square = 2.3477e-06
    Akaike info crit   = -450.809551
    Bayesian info crit = -446.143507
    R-squared          = 0.98241998
[[Variables]]
    lambda0:       4232.548 (fixed)
    f:             0.00545 (fixed)
    gamma:         1e+08 (fixed)
    b:             3.02100195 +/- 0.13914628 (4.61%) (init = 3.36)
    N:             4.4554e+12 +/- 1.1427e+11 (2.56%) (init = 7e+12)
    v_rad:        -2.10291849 +/- 0.07933184 (3.77%) (init = 0.6)
    v_resolution:  3.75 (fixed)
    n_step:        25 (fixed)
[[Correlations]] (unreported correlations are < 0.100)
    C(b, N) = +0.5525"
51,HD 203532,7.90E-06,4232.548,0.00545,100000000,3.06107197,,4.71095E+12,-2.3436408,3.75,25,"[[Model]]
    Model(voigt_absorption_line)
[[Fit Statistics]]
    # fitting method   = leastsq
    # function evals   = 41
    # data points      = 35
    # variables        = 3
    chi-square         = 2.5293e-04
    reduced chi-square = 7.9039e-06
    Akaike info crit   = -408.321688
    Bayesian info crit = -403.655644
    R-squared          = 0.94697563
[[Variables]]
    lambda0:       4232.548 (fixed)
    f:             0.00545 (fixed)
    gamma:         1e+08 (fixed)
    b:             3.06107197 +/- 0.24360163 (7.96%) (init = 3.36)
    N:             4.7110e+12 +/- 2.1077e+11 (4.47%) (init = 7e+12)
    v_rad:        -2.34364080 +/- 0.13958370 (5.96%) (init = 0.6)
    v_resolution:  3.75 (fixed)
    n_step:        25 (fixed)
[[Correlations]] (unreported correlations are < 0.100)
    C(b, N) = +0.5515"
52,HD 203532,3.51E-06,4232.548,0.00545,100000000,2.658212156,,4.45987E+12,-1.873129427,3.75,25,"[[Model]]
    Model(voigt_absorption_line)
[[Fit Statistics]]
    # fitting method   = leastsq
    # function evals   = 33
    # data points      = 35
    # variables        = 3
    chi-square         = 1.1245e-04
    reduced chi-square = 3.5140e-06
    Akaike info crit   = -436.693303
    Bayesian info crit = -432.027259
    R-squared          = 0.97527885
[[Variables]]
    lambda0:       4232.548 (fixed)
    f:             0.00545 (fixed)
    gamma:         1e+08 (fixed)
    b:             2.65821216 +/- 0.15918974 (5.99%) (init = 3.36)
    N:             4.4599e+12 +/- 1.3449e+11 (3.02%) (init = 7e+12)
    v_rad:        -1.87312943 +/- 0.08642964 (4.61%) (init = 0.6)
    v_resolution:  3.75 (fixed)
    n_step:        25 (fixed)
[[Correlations]] (unreported correlations are < 0.100)
    C(b, N) = +0.5467"
53,HD 203532,7.27E-06,4232.548,0.00545,100000000,2.912071915,,4.58868E+12,-2.578349944,3.75,25,"[[Model]]
    Model(voigt_absorption_line)
[[Fit Statistics]]
    # fitting method   = leastsq
    # function evals   = 37
    # data points      = 32
    # variables        = 3
    chi-square         = 2.1090e-04
    reduced chi-square = 7.2725e-06
    Akaike info crit   = -375.755313
    Bayesian info crit = -371.358105
    R-squared          = 0.95289915
[[Variables]]
    lambda0:       4232.548 (fixed)
    f:             0.00545 (fixed)
    gamma:         1e+08 (fixed)
    b:             2.91207192 +/- 0.23296219 (8.00%) (init = 3.36)
    N:             4.5887e+12 +/- 1.9894e+11 (4.34%) (init = 7e+12)
    v_rad:        -2.57834994 +/- 0.13110502 (5.08%) (init = 0.6)
    v_resolution:  3.75 (fixed)
    n_step:        25 (fixed)
[[Correlations]] (unreported correlations are < 0.100)
    C(b, N) = +0.5502"